{"cameraMode":{"drawMode":0,"name":"Shaded","section":"Shading Mode"},"sceneLighting":false,"audioPlay":false,"sceneViewState":{"showFog":true,"showMaterialUpdate":false,"showSkybox":false,"showFlares":true,"showImageEffects":true,"showParticleSystems":true},"in2DMode":false,"pivot":{"x":-0.9492093920707703,"y":0.34611865878105166,"z":6.881784439086914},"rotation":{"x":0.24013160169124604,"y":-0.4923778474330902,"z":0.14345292747020722,"w":0.8242108821868897},"size":0.6794701218605042,"orthographic":true}