{"cameraMode":{"drawMode":0,"name":"Shaded","section":"Shading Mode"},"sceneLighting":false,"audioPlay":false,"sceneViewState":{"showFog":true,"showMaterialUpdate":false,"showSkybox":false,"showFlares":true,"showImageEffects":true,"showParticleSystems":true},"in2DMode":false,"pivot":{"x":-14.371479034423829,"y":2.4023942947387697,"z":-15.234102249145508},"rotation":{"x":0.4568764269351959,"y":-0.26075756549835207,"z":0.14207959175109864,"w":0.8385008573532105},"size":11.730829238891602,"orthographic":true}