{"cameraMode":{"drawMode":0,"name":"Shaded","section":"Shading Mode"},"sceneLighting":false,"audioPlay":false,"sceneViewState":{"showFog":true,"showMaterialUpdate":false,"showSkybox":false,"showFlares":true,"showImageEffects":true,"showParticleSystems":true},"in2DMode":false,"pivot":{"x":-0.9492093920707703,"y":0.34611865878105166,"z":5.151784420013428},"rotation":{"x":0.41626787185668948,"y":-0.3323666751384735,"z":0.1667456328868866,"w":0.8297286629676819},"size":0.6794701218605042,"orthographic":true}